scenario,step,G_gas,y_CO2,rl_capture,rl_energy,rl_L,rl_alpha,rl_T,rl_Tic,rl_flood,pid_capture,pid_energy,pid_L,pid_alpha,pid_T,pid_flood
1,0,0.8,0.13,97.25104522705078,3.9945781230926514,4.977251467605432,0.2690648206472397,39.90781223401427,38.0241399789229,0.5032481590375082,98.41991424560547,3.851198673248291,4.0,0.252,35.0,0.4830108813375575
1,1,0.8,0.13,97.32748413085938,3.9850924015045166,4.918801313473119,0.26761670668125154,39.79623271152377,38.053445886587724,0.5021811098749103,99.14166259765625,3.7714290618896484,3.3333333333333335,0.2376,32.5,0.47074842424788127
1,2,0.8,0.13,97.39171600341797,3.9735147953033447,4.836782968430607,0.2657548694348335,39.671117486432195,38.08181542827515,0.5007202071707147,99.43328094482422,3.7265236377716064,2.888888888888889,0.22608,31.25,0.4632523238081957
1,3,0.8,0.13,97.46240997314453,3.959228754043579,4.7406078470341955,0.2636971450476646,39.54920329619199,38.11072512985265,0.49904037970009035,99.58737182617188,3.695131540298462,2.5925925925925926,0.216864,30.625,0.4585664102112321
1,4,0.8,0.13,97.5304183959961,3.943962335586548,4.64150425328762,0.2615080289744377,39.43251038203016,38.143913972115115,0.4973296694222474,99.58110809326172,3.6696174144744873,2.3950617283950617,0.2094912,30.3125,0.45558980957646045
1,5,0.8,0.13,97.60647583007812,3.9294517040252686,4.543268337242806,0.259250892536087,39.32299048756249,38.181822089421075,0.495651449924544,99.5141830444336,3.6526055335998535,2.263374485596708,0.20359296,30.15625,0.45367712690298434
1,6,0.8,0.13,97.68434143066406,3.9156832695007324,4.447606031691369,0.2569348471055374,39.21769609267358,38.222439281832294,0.49402967337294657,99.40723419189453,3.65507173538208,2.1755829903978054,0.198874368,30.078125,0.4524380156942096
1,7,0.8,0.13,97.77871704101562,3.902865171432495,4.353688563469606,0.25456815649588466,39.11439317074837,38.262896729542774,0.4924479927739808,98.77847290039062,3.6440906524658203,2.11705532693187,0.1950994944,30.0390625,0.4516307106993387
1,8,0.8,0.13,97.8690185546875,3.8903958797454834,4.260553404234222,0.252153826451457,39.01128366953344,38.30120593186204,0.4908887940033472,98.12769317626953,3.6343321800231934,2.078036884621247,0.19207959551999998,30.01953125,0.451102752400465
1,9,0.8,0.13,97.93854522705078,3.8795764446258545,4.167257090106522,0.2497027021814636,38.907955295362626,38.336924401352064,0.48933643945211963,97.7346420288086,3.6315770149230957,2.052024589747498,0.189663676416,30.009765625,0.45075669076718955
1,10,0.8,0.13,98.0101318359375,3.868381977081299,4.073494780192716,0.24722852881107737,38.804636149179714,38.371059610921336,0.4877862384425296,97.55926513671875,3.6307854652404785,2.034683059831665,0.18773094113279998,30.0048828125,0.4505296095788548
1,11,0.8,0.13,98.07484436035156,3.8579564094543457,3.97943007656597,0.24474617435816134,38.701846943458804,38.40538913170579,0.48624116368724246,97.52384185791016,3.6306705474853516,2.023122039887777,0.18618475290623998,30.00244140625,0.4503805895123906
1,12,0.8,0.13,98.13887786865234,3.8473100662231445,3.885603711563103,0.2422672433200137,38.59986196702266,38.441648608451395,0.48470973558076064,97.56278991699219,3.630979061126709,2.015414693258518,0.18494780232499197,30.001220703125,0.4502828770493517
1,13,0.8,0.13,98.2120361328125,3.8357927799224854,3.792653094104762,0.23979815395018705,38.498568467152836,38.480928060067114,0.48320142744133154,97.6378173828125,3.631424903869629,2.0102764621723455,0.18395824185999357,30.0006103515625,0.45021891610478754
1,14,0.8,0.13,98.2860336303711,3.824150800704956,3.7010630139853125,0.23734048501723007,38.39757883795983,38.52344899503228,0.4817229328481975,97.72760009765625,3.6319022178649902,2.0068509747815635,0.18316659348799486,30.00030517578125,0.45017715804808245
1,15,1.25,0.13,83.18277740478516,3.6937577724456787,3.6110312413272303,0.23489306280869637,38.29644075997862,38.56872614044482,0.7504318609738556,58.9652099609375,3.6302101612091064,2.0045673165210425,0.18253327479039588,30.000152587890625,0.7033593672035574
1,16,1.25,0.13,82.30121612548828,3.690276861190796,3.531249428530338,0.2324353341647656,38.17402665239172,38.61750910656831,0.7483953163908008,75.42342376708984,3.6530253887176514,2.4973885463004866,0.18202661983231672,30.000076293945312,0.7139022750613568
1,17,1.25,0.13,81.67205047607422,3.686267137527466,3.4588466326328136,0.2297943967492319,38.032204037142776,38.6693155343574,0.7465160400235298,69.67777252197266,3.6454429626464844,2.3315923642003242,0.18162129586585338,30.000038146972656,0.7103256976741122
1,18,1.25,0.13,80.73175048828125,3.6810572147369385,3.378739434145028,0.22704398559816175,37.88301415442575,38.71754672927255,0.7444560325340941,66.013427734375,3.6429073810577393,2.2210615761335495,0.1812970366926827,30.000019073486328,0.7079616568438017
1,19,1.25,0.13,79.59368896484375,3.6783816814422607,3.2909885339684846,0.2241582278195023,37.72428434192712,38.76079126312002,0.7422167193230141,66.03089904785156,3.643000841140747,2.2197786097563506,0.18103762935414616,30.000009536743164,0.7079367144960358
1,20,1.25,0.13,78.3442611694336,3.6754772663116455,3.197349577661856,0.22117299205327026,37.56181560382036,38.801154194198844,0.7398495821661533,65.27363586425781,3.641270637512207,2.193911956471682,0.18083010348331693,30.000004768371582,0.7073870235645437
1,21,1.25,0.13,77.15983581542969,3.6713788509368896,3.1023178022878066,0.2181116284629821,37.39909674934937,38.841388482333386,0.7374647698975908,65.57286071777344,3.641906976699829,2.202026102491538,0.18066408278665355,30.00000238418579,0.7075615429886677
1,22,1.25,0.13,75.88294219970703,3.6672489643096924,3.0077664278796443,0.21501064218688956,37.2388758415351,38.88338109865778,0.735108921906759,65.2861557006836,3.6413044929504395,2.1924129501636296,0.18053126622932283,30.000001192092896,0.7073578966828179
1,23,1.25,0.13,74.4980697631836,3.6629929542541504,2.9147965252631987,0.21189188963261404,37.08066650656957,38.928094953759526,0.7328056821170008,65.47602081298828,3.6417076587677,2.1975558482047894,0.18042501298345826,30.000000596046448,0.7074685024930719
1,24,1.25,0.13,72.85901641845703,3.6573760509490967,2.823792493358856,0.2087630773074401,36.92251840601662,38.97586371306909,0.7305600789576766,65.33623504638672,3.6414153575897217,2.1927442430414743,0.1803400103867666,30.000000298023224,0.70736675993066
1,25,1.25,0.13,71.1822280883789,3.650861978530884,2.735214855780605,0.2056193709760485,36.7620036983629,39.026383335059194,0.7283781664883315,65.43909454345703,3.641633987426758,2.195461799234681,0.18027200830941328,30.000000149011612,0.7074253145134403
1,26,1.25,0.13,69.57771301269531,3.6443769931793213,2.6491587064401334,0.20244870409485322,36.597368686913946,39.07877251469274,0.7262587250195369,65.36634063720703,3.641486644744873,2.1929129483504646,0.18021760664753061,30.000000074505806,0.7073715098653676
1,27,1.25,0.13,68.10050201416016,3.6396472454071045,2.565155554263858,0.19924136537406142,36.42796905594294,39.13175914164673,0.7241896029218438,65.42210388183594,3.6416006088256836,2.1943245746164557,0.18017408531802448,30.000000037252903,0.7074020025373787
1,28,1.25,0.13,66.45098114013672,3.6369612216949463,2.4824696404729076,0.19599274977519746,36.253937580037736,39.18417910247606,0.7221540591330879,65.38226318359375,3.6415255069732666,2.192921857931153,0.1801392682544196,30.00000001862645,0.707372439042569
1,29,1.25,0.13,64.74951171875,3.6355764865875244,2.4007932194732153,0.19279419982015797,36.075618925677546,39.23537051859451,0.7201444452749859,65.41358947753906,3.641587972640991,2.1936864917132164,0.18011141460353566,30.000000009313226,0.707388996107473
1,30,1.25,0.13,62.91993713378906,3.633833646774292,2.3202134783839203,0.19023535985612638,35.893363690555994,39.28528368644288,0.7181570729297745,65.39108276367188,3.641547679901123,2.1928864331148006,0.18008913168282853,30.000000004656613,0.7073721573618104
1,31,1.25,0.13,60.937225341796875,3.631763458251953,2.241005522726312,0.1881882878849011,35.70740764429465,39.33412588667494,0.7161991953319486,65.40898132324219,3.6415834426879883,2.193312126471065,0.1800713053462628,30.000000002328306,0.7073813969480123
1,32,1.25,0.13,58.976280212402344,3.6297032833099365,2.1636410216280715,0.18655063030792088,35.517475811902656,39.38209208182802,0.7142812014281334,65.396240234375,3.6415607929229736,2.1928492586304498,0.18005704427701025,30.000000001164153,0.70737166805385
1,33,1.25,0.13,57.662254333496094,3.628417491912842,2.1090940144187145,0.1852405042463367,35.323203882271535,39.4291353759202,0.7128531222603909,65.40644836425781,3.6415815353393555,2.1930847067627477,0.1800456354216082,30.000000000582077,0.7073767929949802
1,34,1.25,0.13,56.822265625,3.627717971801758,2.07272934294581,0.18419240339706935,35.12493891458685,39.47492934096382,0.7118112911638411,65.39923095703125,3.641569137573242,2.192816460595738,0.18003650833728657,30.00000000029104,0.7073711629801007
1,35,1.25,0.13,56.30340576171875,3.6277453899383545,2.04848622863054,0.1833539227176555,34.923355443420384,39.51890994049907,0.71102443526685,65.4050521850586,3.64158034324646,2.1929462642578357,0.18002920666982924,30.00000000014552,0.7073739979227475
1,36,1.25,0.13,55.931190490722656,3.628796339035034,2.03232415242036,0.1826831381741244,34.71881217510371,39.56075736158751,0.710405669992977,65.4010009765625,3.641573905944824,2.1927906430501456,0.18002336533586338,30.00000000007276,0.7073707368782863
1,37,1.25,0.13,55.7165641784668,3.629995822906494,2.0215494349469068,0.18214651053929953,34.511745591652236,39.60043081938224,0.7098977074398277,65.40428161621094,3.641580820083618,2.1928607440484043,0.18001869226869072,30.00000000003638,0.707372274784165
1,38,1.25,0.13,55.65876388549805,3.6306729316711426,2.0143662899646047,0.18171720843143963,34.30252270354174,39.63801078488303,0.7094626454292383,65.40200805664062,3.6415762901306152,2.192771115335655,0.18001495381495258,30.00000000001819,0.7073704001503168
1,39,1.25,0.13,55.72542190551758,3.6304433345794678,2.0095775266430698,0.1813737667451517,34.09143617632907,39.67353017166628,0.7090753825990526,65.40387725830078,3.64158034324646,2.1928090191104888,0.18001196305196207,30.000000000009095,0.707371236077779
1,40,1.25,0.13,55.84468078613281,3.6301515102386475,2.0063850177620464,0.18109901339612136,33.8785242721211,39.706967520791096,0.7087190297906123,65.4026107788086,3.641577959060669,2.192756824507904,0.18000957044156965,30.000000000004547,0.7073701464353149
1,41,1.25,0.13,55.99027633666992,3.629930019378662,2.004256678508031,0.18087921071689708,33.66365888918544,39.73829248590604,0.7083821552298898,65.4036636352539,3.641580104827881,2.192776705433655,0.18000765635325572,30.000000000002274,0.7073705881475193
1,42,1.25,0.13,56.14862823486328,3.629958391189575,2.0028377856720208,0.18070336857351765,33.446685386909074,39.76748300748568,0.708057068390922,65.40293884277344,3.6415791511535645,2.192746420972697,0.18000612508260458,30.000000000001137,0.7073699572635516
1,43,1.25,0.13,56.31973648071289,3.629990339279175,2.0018918571146807,0.18056269485881413,33.227546263529874,39.79450259952341,0.7077387224440259,65.40355682373047,3.64158034324646,2.192757410124376,0.18000490006608366,30.00000000000057,0.7073702029954002
1,44,1.25,0.13,56.508544921875,3.6298727989196777,2.0012612380764536,0.1804501558870513,33.00627890138279,39.819301403163706,0.7074238694608879,65.40313720703125,3.6415796279907227,2.192739304910391,0.18000392005286692,30.000000000000284,0.7073698264383471
1,45,1.25,0.13,56.70219421386719,3.629770278930664,2.0008408253843024,0.18036012470964102,32.783002369582405,39.84184381706088,0.7071104827658243,65.40351104736328,3.64158034324646,2.192745341864089,0.18000313604229354,30.000000000000142,0.7073699624805334
1,46,1.25,0.13,56.899105072021484,3.629678964614868,2.0005605502562016,0.18028809976771282,32.557862424529965,39.862136532776574,0.7067973095919052,65.40324401855469,3.6415796279907227,2.192734107710825,0.18000250883383484,30.00000000000007,0.7073697290101721
1,47,1.25,0.13,57.08890151977539,3.6294822692871094,2.000373700170801,0.18023047981417026,32.331006711002374,39.880240402352456,0.7064835896569724,65.40348815917969,3.64158034324646,2.192738011504482,0.18000200706706787,30.000000000000036,0.707369816932561
1,48,1.25,0.13,57.265560150146484,3.6290457248687744,2.0002491334472006,0.1801843838513362,32.10256915894706,39.896250962755005,0.7061688692193061,65.40330505371094,3.64158034324646,2.1927306958206962,0.1800016056536543,30.000000000000018,0.7073696648303344
1,49,1.25,0.13,57.4493522644043,3.6287615299224854,2.0001660889648005,0.18014750708106897,31.872650754551387,39.91027447989465,0.7058528653226024,65.40347290039062,3.64158034324646,2.192733549817964,0.18000128452292344,30.000000000000007,0.7073697286775275
1,50,1.25,0.13,57.644412994384766,3.6286065578460693,2.000110725976534,0.18011800566485517,31.641610593957353,39.922519347432115,0.7055357913749406,65.40336608886719,3.641580104827881,2.1927286368903616,0.18000102761833875,30.000000000000004,0.7073696264120525
1,51,1.25,0.13,57.83268737792969,3.6284282207489014,2.000073817317689,0.18009440453188413,31.40994299363973,39.93333633182597,0.7052181409247318,65.40345764160156,3.641580820083618,2.1927300409672723,0.180000822094671,30.0,0.7073696582715379
1,52,1.25,0.13,58.02997970581055,3.628286600112915,2.000049211545126,0.1800755236255073,31.17812670382054,39.94313695724608,0.7049004493148827,65.40339660644531,3.64158034324646,2.1927272131839106,0.1800006576757368,30.0,0.7073695995657768
1,53,1.25,0.13,58.2091178894043,3.628297805786133,2.000032807696751,0.18006041890040583,30.9464939990376,39.95236807974653,0.7045830931375036,65.40343475341797,3.641580820083618,2.192727972851774,0.18000052614058945,30.0,0.7073696169951256
1,54,1.25,0.13,58.3662109375,3.6284382343292236,2.0000218717978338,0.18004833512032467,30.715215049186575,39.96145033095946,0.7042662545575793,65.4034194946289,3.641580820083618,2.192726800830219,0.18000042091247156,30.0,0.7073695930135496
1,55,1.25,0.13,58.52790832519531,3.628772258758545,2.0000145811985557,0.18003866809625974,30.48434139297616,39.970708256272935,0.7039499713352407,65.40343475341797,3.64158034324646,2.192726782421969,0.18000033672997726,30.0,0.707369593415836
1,56,1.25,0.13,58.689857482910156,3.629136800765991,2.0000097207990373,0.1800309344770078,30.25392077897346,39.98031927237452,0.7036342878466086,65.40343475341797,3.64158034324646,2.19272615979824,0.1800002693839818,30.0,0.7073695807839047
1,57,1.25,0.13,58.773197174072266,3.6293869018554688,2.0000064805326914,0.18002474758160625,30.12696038948673,39.990326324679266,0.7034603310268327,65.40343475341797,3.641580820083618,2.192725846441014,0.18000021550718545,30.0,0.7073695746150463
1,58,1.25,0.13,58.815181732177734,3.629523992538452,2.0000043203551274,0.180019798065285,30.063480194743363,40.00068855300755,0.7033733522995868,65.40343475341797,3.641580820083618,2.192725637536197,0.18000017240574837,30.0,0.7073695705702756
1,59,1.25,0.13,58.83684158325195,3.6296026706695557,2.0000028802367518,0.18001583845222802,30.03174009737168,40.01136656826985,0.7033298675908626,65.40343475341797,3.64158034324646,2.1927254982663187,0.18000013792459868,30.0,0.7073695679280031
2,0,1.0,0.08,95.33704376220703,4.196864604949951,4.971855516235034,0.26904540503025054,39.90828196518123,38.02341793850064,0.6289489510052791,97.41424560546875,3.983583450317383,4.0,0.252,35.0,0.6037636016719469
2,1,1.0,0.08,95.455078125,4.178895473480225,4.902102268404431,0.2675538553714752,39.79397387243807,38.05112869665027,0.6273791149636316,98.07654571533203,3.8587241172790527,3.3333333333333335,0.2376,32.5,0.5884355303098516
2,2,1.0,0.08,95.5914535522461,4.15891170501709,4.805192623977308,0.2655993427371979,39.661400308832526,38.07747321622446,0.6252410208905909,98.71186828613281,3.797792911529541,2.888888888888889,0.22608,31.25,0.5790654047602446
2,3,1.0,0.08,95.76724243164062,4.134830474853516,4.69150852954682,0.26338901686954497,39.52854823321104,38.104292934411205,0.6227769542907512,99.0768051147461,3.750613212585449,2.5925925925925926,0.216864,30.625,0.57320801276404
2,4,1.0,0.08,95.9833755493164,4.110426425933838,4.5730500058750065,0.2609885033630371,39.398985244333744,38.13483423550497,0.6202405400965947,99.29813385009766,3.722395181655884,2.3950617283950617,0.2094912,30.3125,0.5694872619705755
2,5,1.0,0.08,96.21134185791016,4.0860819816589355,4.4537509049918755,0.25847469660942074,39.27614586427808,38.16939622906648,0.6177159726173094,99.27608489990234,3.7077836990356445,2.263374485596708,0.20359296,30.15625,0.5670964086287305
2,6,1.0,0.08,96.42999267578125,4.061406135559082,4.335618965555993,0.25587082793954463,39.15766030550003,38.20639089237193,0.6152401389475936,99.43037414550781,3.6982460021972656,2.1755829903978054,0.198874368,30.078125,0.565547519617762
2,7,1.0,0.08,96.64800262451172,4.0368266105651855,4.218257474554755,0.2531970637293136,39.0414475928992,38.2438130170799,0.6128016787184334,99.66952514648438,3.6911373138427734,2.11705532693187,0.1950994944,30.0390625,0.5645383883741734
2,8,1.0,0.08,96.87609100341797,4.013453006744385,4.101243686446334,0.2504631102682333,38.925527120009065,38.28048048751032,0.6103892552650694,99.85173034667969,3.6875290870666504,2.078036884621247,0.19207959551999998,30.01953125,0.5638784405005812
2,9,1.0,0.08,97.11433410644531,3.9898455142974854,3.984051108703868,0.24768286483297197,38.80926625337452,38.31632126908917,0.6079913833079249,99.9866943359375,3.6858444213867188,2.052024589747498,0.189663676416,30.009765625,0.563445863458987
2,10,1.0,0.08,97.34137725830078,3.9646244049072266,3.8665786338156174,0.24487136758811828,38.69271270232275,38.352174372371614,0.6056059060790823,100.0,3.6851651668548584,2.034683059831665,0.18773094113279998,30.0048828125,0.5631620119735684
2,11,1.0,0.08,97.5079345703125,3.9428811073303223,3.7490507158839512,0.24204476553159995,38.57626672950573,38.38930124402257,0.6032373634030473,100.0,3.684873580932617,2.023122039887777,0.18618475290623998,30.00244140625,0.5629757368904882
2,12,1.0,0.08,97.65074920654297,3.920731782913208,3.6320279302334657,0.2392162614699844,38.460141546675004,38.42886579549564,0.6008963530156854,100.0,3.6849701404571533,2.015414693258518,0.18494780232499197,30.001220703125,0.5628535963116895
2,13,1.0,0.08,97.72417449951172,3.900770902633667,3.5161074167911126,0.23639445874187495,38.344304904167075,38.47154269344641,0.5985936002067622,100.0,3.6852145195007324,2.0102764621723455,0.18395824185999357,30.0006103515625,0.5627736451309844
2,14,1.0,0.08,97.73414611816406,3.8831679821014404,3.4017485722186773,0.23358396651818866,38.22848682189942,38.51738684013604,0.5963366936480218,100.0,3.6854586601257324,2.0068509747815635,0.18316659348799486,30.00030517578125,0.5627214475601031
2,15,1.0,0.16,84.57971954345703,3.6827476024627686,3.2891880973698435,0.23078582038461776,38.11231153966219,38.56598032261799,0.5941287704353575,65.87371063232422,3.632021903991699,2.0045673165210425,0.18253327479039588,30.000152587890625,0.562687493762846
2,16,1.0,0.16,83.02960205078125,3.683755397796631,3.2013650258065423,0.22807691443943667,37.98284446795151,38.615575155096096,0.592376881739522,72.95178985595703,3.6306686401367188,2.2528859701082666,0.18202661983231672,30.000076293945312,0.5669077937816303
2,17,1.0,0.16,82.09442138671875,3.684803009033203,3.1338953544071093,0.22525793755240192,37.84045996597342,38.668057823094045,0.5909947536393353,69.9419174194336,3.6303255558013916,2.1685906467388443,0.18162129586585338,30.000038146972656,0.5654723462395163
2,18,1.0,0.16,81.26165008544922,3.685229539871216,3.0678110067212434,0.2224336611464576,37.70016036688503,38.71640841756468,0.5896461868844063,67.99565887451172,3.6312294006347656,2.112393764492563,0.1812970366926827,30.000019073486328,0.5645198174647139
2,19,1.0,0.16,80.40176391601562,3.6850268840789795,2.9986407626694342,0.2195625199365581,37.55555874082802,38.760238249906,0.5882424050942001,67.55082702636719,3.6319077014923096,2.0830199966408753,0.18103762935414616,30.000009536743164,0.5640238824652002
2,20,1.0,0.16,79.42959594726562,3.684763193130493,2.925208597772711,0.2166746803214522,37.41033800585001,38.80289579180207,0.5867667548885772,67.5211410522461,3.6322505474090576,2.065290156045089,0.18083010348331693,30.000004768371582,0.563725340456497
2,21,1.0,0.16,78.23466491699219,3.6832640171051025,2.851637381037668,0.21376851214689985,37.26552374980315,38.84812152861022,0.5852958843242991,67.4750747680664,3.63252854347229,2.051494249130971,0.18066408278665355,30.00000238418579,0.5634932924258742
2,22,1.0,0.16,76.88065338134766,3.680433511734009,2.7802476236608924,0.21086102076350033,37.122875481578035,38.89740259661591,0.5838733050321878,67.46851348876953,3.632709503173828,2.043634614166741,0.18053126622932283,30.000001192092896,0.5633614630173479
2,23,1.0,0.16,75.4236068725586,3.677572727203369,2.7123174143342377,0.20795410624526642,36.98144707908597,38.950236865402694,0.5825201926360585,67.47588348388672,3.632842540740967,2.038306458272619,0.18042501298345826,30.000000596046448,0.5632722499059764
2,24,1.0,0.16,74.08880615234375,3.6747093200683594,2.6474522530624074,0.20504558887189786,36.83959004043473,39.005153621725874,0.5812268260098461,67.48644256591797,3.632943630218506,2.034464945977319,0.1803400103867666,30.000000298023224,0.5632080087904819
2,25,1.0,0.16,72.86630249023438,3.6707608699798584,2.5847317949906854,0.20212547141199239,36.695530784981614,39.06065649587578,0.5799742584552892,67.4971694946289,3.6330206394195557,2.031601101680192,0.18027200830941328,30.000000149011612,0.5631601611152607
2,26,1.0,0.16,71.89237213134766,3.6691997051239014,2.5230921215713598,0.19918636309413057,36.54836601005602,39.1156887011736,0.5787422653321592,67.50680541992188,3.6330814361572266,2.0294047017386174,0.18021760664753061,30.000000074505806,0.5631234870013335
2,27,1.0,0.16,70.99151611328125,3.6675045490264893,2.461733066623448,0.19622370653198512,36.3980991783818,39.16981507408037,0.5775165693754587,67.51499938964844,3.6331288814544678,2.0276907504592083,0.18017408531802448,30.000000037252903,0.5630948797804296
2,28,1.0,0.16,70.1568374633789,3.6652114391326904,2.400283126879095,0.19324061069167733,36.24535730198425,39.223092960812444,0.5762912649911031,67.52173614501953,3.633167028427124,2.02633922345067,0.1801392682544196,30.00000001862645,0.5630723274622532
2,29,1.0,0.16,69.05919647216797,3.6620256900787354,2.338848906116922,0.19059248855334188,36.09077510468862,39.27594393386807,0.5750661651106307,67.52726745605469,3.63319730758667,2.025268273397452,0.18011141460353566,30.000000009313226,0.5630544602492631
2,30,1.0,0.16,67.66674041748047,3.659524917602539,2.278066133157902,0.1884739908426735,35.93449695523928,39.328843690715665,0.5738510083309728,67.53173828125,3.63322114944458,2.024414841363275,0.18008913168282853,30.000000004656613,0.5630402234522761
2,31,1.0,0.16,66.03301239013672,3.6580841541290283,2.218871021028355,0.18677919267413878,35.7759417338488,39.38211685869372,0.5726621020855951,67.53530883789062,3.6332406997680664,2.023733734574215,0.1800713053462628,30.000000002328306,0.5630288621845816
2,32,1.0,0.16,64.45011138916016,3.6573429107666016,2.161869410636356,0.18542335413931102,35.61428618273723,39.43566343421229,0.5715093644912936,67.53817749023438,3.63325572013855,2.0231904503281224,0.18005704427701025,30.000000001164153,0.5630198005170076
2,33,1.0,0.16,62.97930145263672,3.65657901763916,2.1079129404242374,0.18433868331144881,35.44879386495346,39.48895464162426,0.5704067526858981,67.54049682617188,3.6332685947418213,2.022756442796873,0.1800456354216082,30.000000000582077,0.5630125618507771
2,34,1.0,0.16,62.12763977050781,3.6545636653900146,2.071941960282825,0.18347094664915906,35.2790605198383,39.541212186159726,0.5696097701227207,67.54234313964844,3.6332783699035645,2.0224089175937485,0.18003650833728657,30.00000000029104,0.5630067656648801
2,35,1.0,0.16,61.6158561706543,3.652151584625244,2.0479613068552167,0.18277675731932724,35.105541903328884,39.59180759319908,0.5690142733188072,67.54380798339844,3.633286237716675,2.02213115258203,0.18002920666982924,30.00000000014552,0.5630021331065486
2,36,1.0,0.16,61.34806442260742,3.6501388549804688,2.0319742045701443,0.1822214058554618,34.92917052274048,39.64032631861882,0.5685521009086036,67.54501342773438,3.6332924365997314,2.0219094565390616,0.18002336533586338,30.00000000007276,0.5629984358202451
2,37,1.0,0.16,61.26517105102539,3.6481189727783203,2.021316136380096,0.18177712468436943,34.750595068509874,39.68683558526145,0.5681781179926415,67.54595947265625,3.6332974433898926,2.021731243324218,0.18001869226869072,30.00000000003638,0.5629954635761012
2,38,1.0,0.16,61.26972961425781,3.646209239959717,2.014210757586731,0.18142169974749556,34.57053900414482,39.73164216611073,0.5678626915878257,67.54670715332031,3.6333014965057373,2.021588935979166,0.18001495381495258,30.00000000001819,0.5629930902445498
2,39,1.0,0.16,61.33455276489258,3.6443707942962646,2.009473838391154,0.18113735979799644,34.38932788883038,39.77502651265011,0.5675859691851,67.54733276367188,3.6333045959472656,2.021475448693142,0.18001196305196207,30.000000000009095,0.5629911976439742
2,40,1.0,0.16,61.39987564086914,3.6421501636505127,2.0063158922607696,0.18090988783839715,34.206945110804774,39.8171073015602,0.567334503168487,67.54780578613281,3.633307456970215,2.021383921361834,0.18000957044156965,30.000000000004547,0.5629896711289459
2,41,1.0,0.16,61.48787307739258,3.6399612426757812,2.004210594840513,0.18072791027071772,34.02308932353901,39.85781386334982,0.5670990376966006,67.54818725585938,3.6333093643188477,2.021311306461275,0.18000765635325572,30.000000000002274,0.5629884601638901
2,42,1.0,0.16,61.5865478515625,3.6378369331359863,2.0028070632270087,0.18058232821657416,33.83740733767473,39.89696054820837,0.5668732532300707,67.54850006103516,3.6333107948303223,2.0212533343530894,0.18000612508260458,30.000000000001137,0.562987493417095
2,43,1.0,0.16,61.68818664550781,3.636436700820923,2.0018713754846726,0.18046586257325933,33.64966288869542,39.934317927753526,0.5666529480065654,67.54875946044922,3.6333117485046387,2.0212068025732837,0.18000490006608366,30.00000000000057,0.5629867174220868
2,44,1.0,0.16,61.759124755859375,3.6357758045196533,2.0012475836564483,0.18037269005860745,33.4597588270404,39.96970583052047,0.5664353956325072,67.54894256591797,3.6333131790161133,2.0211692201074496,0.18000392005286692,30.000000000000284,0.562986090603429
2,45,1.0,0.16,61.81858444213867,3.635110855102539,2.000831722437632,0.18029815204688596,33.26772584279369,40.00303826681791,0.5662188894484729,67.54912567138672,3.633314371109009,2.0211397909440287,0.18000313604229354,30.000000000000142,0.5629855998940149
2,46,1.0,0.16,61.86305236816406,3.634195566177368,2.000554481625088,0.18023852163750875,33.073692473942984,40.0343319434823,0.5660024148793005,67.54922485351562,3.633314609527588,2.0211152886892485,0.18000250883383484,30.00000000000007,0.5629851911477397
2,47,1.0,0.16,61.91495895385742,3.63364839553833,2.0003696544167253,0.180190817310007,32.877835530502075,40.063664419657655,0.5657853990754107,67.5493392944336,3.633315324783325,2.02109686848489,0.18000200706706787,30.000000000000036,0.5629848840875425
2,48,1.0,0.16,61.93994140625,3.633883476257324,2.0002464362778167,0.1801526538480056,32.68031335980319,40.091144193373935,0.5655675074279709,67.54943084716797,3.6333160400390625,2.0210814348655775,0.1800016056536543,30.000000000000018,0.5629846266718908
2,49,1.0,0.16,61.95445251464844,3.6341288089752197,2.000164290851878,0.18012212307840447,32.48121718682658,40.116868673200024,0.5653485035107919,67.54947662353516,3.6333162784576416,2.0210688569676765,0.18000128452292344,30.000000000000007,0.5629844168419812
2,50,1.0,0.16,61.98581314086914,3.6342318058013916,2.0001095272345855,0.18009769846272358,32.28058033060437,40.14091516413976,0.5651282013996631,67.54954528808594,3.6333162784576416,2.0210595561750657,0.18000102761833875,30.000000000000004,0.5629842618268914
2,51,1.0,0.16,62.02447509765625,3.6342055797576904,2.00007301815639,0.18007815877017885,32.078465551120075,40.16332354003519,0.5649065228697349,67.5495834350586,3.6333162784576416,2.0210513720040804,0.180000822094671,30.0,0.562984125269673
2,52,1.0,0.16,62.063758850097656,3.63397216796875,2.0000486787709266,0.1800625270161431,31.87491974419953,40.18410527422991,0.5646834223393431,67.54960632324219,3.633316993713379,2.021045102088007,0.1800006576757368,30.0,0.5629840207046802
2,53,1.0,0.16,62.10355758666992,3.633728265762329,2.0000324525139512,0.18005002161291447,31.669971442776927,40.20327498400093,0.5644588672018382,67.54964447021484,3.6333167552948,2.021040413517656,0.18000052614058945,30.0,0.5629839425760815
2,54,1.0,0.16,62.14395523071289,3.633474826812744,2.000021635009301,0.1800400172903316,31.463655812197928,40.22086190078039,0.5642328539559458,67.54966735839844,3.633316993713379,2.0210361688262237,0.18000042091247156,30.0,0.5629838717410708
2,55,1.0,0.16,62.18627166748047,3.633232593536377,2.000014423339534,0.18003201383226528,31.256014090728762,40.23690623815361,0.564005400158018,67.54967498779297,3.633317470550537,2.0210328304056335,0.18000033672997726,30.0,0.5629838160404085
2,56,1.0,0.16,62.382076263427734,3.6331658363342285,2.0000096155596894,0.18002561106581222,31.047087684622408,40.25145463024175,0.5637765330327253,67.5496826171875,3.633317470550537,2.0210305030666462,0.1800002693839818,30.0,0.5629837772737982
2,57,1.0,0.16,62.58389663696289,3.6330528259277344,2.000006410373126,0.18002048885264976,30.837272992531958,40.26464875542723,0.5635466749395063,67.5497055053711,3.633317708969116,2.0210287480568008,0.18000021550718545,30.0,0.5629837480635121
2,58,1.0,0.16,62.751678466796875,3.632535696029663,2.000004273582084,0.1800163910821198,30.627064709638805,40.27674527061528,0.5633163602623602,67.54971313476562,3.633316993713379,2.021026865973414,0.18000017240574837,30.0,0.5629837166290448
2,59,1.0,0.16,62.833065032958984,3.6322038173675537,2.000002849054723,0.18001311286569585,30.41678955084346,40.28812578401097,0.5630859422729961,67.5497055053711,3.633317470550537,2.0210255095258955,0.18000013792459868,30.0,0.5629836939991462
3,0,0.8,0.08,95.50846862792969,4.410816669464111,4.972065401573976,0.2690455946922302,39.90975849330425,38.02344141481444,0.503164095619005,97.45686340332031,4.141107559204102,4.0,0.252,35.0,0.4830108813375575
3,1,0.8,0.08,95.62638854980469,4.391839504241943,4.90449269198709,0.26756326233148575,39.80076880194247,38.05089690617751,0.5019493815081959,98.55636596679688,3.981062173843384,3.3333333333333335,0.2376,32.5,0.47074842424788127
3,2,0.8,0.08,95.77265930175781,4.365566253662109,4.811409103925581,0.2656285539650917,39.67648556921631,38.07686203593039,0.5003093829432166,98.92103576660156,3.8892719745635986,2.888888888888889,0.22608,31.25,0.4632523238081957
3,3,0.8,0.08,95.92634582519531,4.335160255432129,4.703133999841449,0.2634581492848396,39.55449616769329,38.10292328381183,0.4984356925553325,99.12857818603516,3.8522541522979736,2.5925925925925926,0.216864,30.625,0.4585664102112321
3,4,0.8,0.08,96.08313751220703,4.303896427154541,4.591194058151403,0.26111809951124193,39.43723022588529,38.13242492882455,0.4965218238759404,99.19728088378906,3.8238584995269775,2.3950617283950617,0.2094912,30.3125,0.45558980957646045
3,5,0.8,0.08,96.23538970947266,4.271697044372559,4.4791154354422344,0.25868420550868987,39.32731811248232,38.16562340870905,0.4946274447608112,99.26077270507812,3.806641101837158,2.263374485596708,0.20359296,30.15625,0.45367712690298434
3,6,0.8,0.08,96.39179229736328,4.2397966384887695,4.368587852491872,0.2561745223573532,39.221829675661866,38.20090931861034,0.4927763281458317,99.396240234375,3.7953789234161377,2.1755829903978054,0.198874368,30.078125,0.4524380156942096
3,7,0.8,0.08,96.5400390625,4.208517074584961,4.258983828772397,0.2536044100659439,39.11852721896139,38.23616131503829,0.49095552963938466,99.40896606445312,3.786933660507202,2.11705532693187,0.1950994944,30.0390625,0.4516307106993387
3,8,0.8,0.08,96.67699432373047,4.178305149078369,4.149746026032031,0.2509800224890192,39.01545364795311,38.2700750502996,0.48915389004710585,99.43600463867188,3.782229423522949,2.078036884621247,0.19207959551999998,30.01953125,0.451102752400465
3,9,0.8,0.08,96.7977294921875,4.151576519012451,4.040299539223552,0.2483134768120352,38.912071336126246,38.30252498664818,0.4873615706716932,99.48555755615234,3.7805335521698,2.052024589747498,0.189663676416,30.009765625,0.45075669076718955
3,10,0.8,0.08,96.91671752929688,4.128125190734863,3.9305431921980385,0.2456190487116101,38.80849962684806,38.33441431946298,0.4855769473223654,99.52490997314453,3.780466079711914,2.034683059831665,0.18773094113279998,30.0048828125,0.4505296095788548
3,11,0.8,0.08,97.07745361328125,4.097350597381592,3.820677784893354,0.24291244966741582,38.70517665335683,38.36715165573538,0.48380337630046955,99.55097961425781,3.780973196029663,2.023122039887777,0.18618475290623998,30.00244140625,0.4503805895123906
3,12,0.8,0.08,97.27644348144531,4.065086841583252,3.7111348594648574,0.24020664380356613,38.602397892632325,38.402070589024056,0.48204753333551775,99.58015441894531,3.7812743186950684,2.015414693258518,0.18494780232499197,30.001220703125,0.4502828770493517
3,13,0.8,0.08,97.48208618164062,4.034638404846191,3.602402367388072,0.23751020432603312,38.500155687336246,38.440007557139346,0.48031651286234217,99.6028060913086,3.7810113430023193,2.0102764621723455,0.18395824185999357,30.0006103515625,0.45021891610478754
3,14,0.8,0.08,97.65261840820312,4.010385990142822,3.4949074044458484,0.23482711530599554,38.39815231599118,38.48114389435615,0.4786160575894887,99.6189193725586,3.7809956073760986,2.0068509747815635,0.18316659348799486,30.00030517578125,0.45017715804808245
3,15,1.25,0.16,67.04691314697266,3.6769754886627197,3.3888999913886133,0.2321583393166348,38.295981463045905,38.52511555799221,0.7452328461300453,48.98501205444336,3.659348726272583,2.0045673165210425,0.18253327479039588,30.000152587890625,0.7033593672035574
3,16,1.25,0.16,66.17719268798828,3.676361560821533,3.308893319906787,0.22948005401689883,38.161612869240855,38.56966322966572,0.7432033017553973,72.19586944580078,3.6774628162384033,2.842670605016307,0.18202661983231672,30.000076293945312,0.7214757840039036
3,17,1.25,0.16,65.77413177490234,3.676787853240967,3.247213149280678,0.22659223766008277,38.0007798033769,38.61554697944341,0.7415723541402093,64.54552459716797,3.6779074668884277,2.5617804033442044,0.18162129586585338,30.000038146972656,0.7153064750963306
3,18,1.25,0.16,65.35179138183594,3.6773853302001953,3.182199299227086,0.223579967505767,37.829963103635365,38.654708494990075,0.7398578839109353,63.36079406738281,3.677046298980713,2.5126419119625427,0.1812970366926827,30.000019073486328,0.7142404879328381
3,19,1.25,0.16,64.78417205810547,3.67763090133667,3.109205420988061,0.2204114456471078,37.646011903300014,38.685600004111606,0.7379501785854407,62.28976821899414,3.6762218475341797,2.4683716363767214,0.18103762935414616,30.000009536743164,0.7132825138209455
3,20,1.25,0.16,63.793392181396484,3.6764206886291504,3.0280053403988534,0.21712874066800056,37.45544021826939,38.71143780761575,0.7358556343229997,62.29749298095703,3.6764309406280518,2.4666607774005618,0.18083010348331693,30.000004768371582,0.7132474464472585
3,21,1.25,0.16,62.506988525390625,3.6721158027648926,2.9443829750527972,0.2137544109580531,37.26200481349953,38.736565770380125,0.7337135702540274,62.12084197998047,3.6764121055603027,2.4581225403617677,0.18066408278665355,30.00000238418579,0.7130641177211581
3,22,1.25,0.16,61.272464752197266,3.6695780754089355,2.8619231905712046,0.21032813303928485,37.069267120372395,38.76378405765904,0.7316103433685275,62.16060256958008,3.6765801906585693,2.45837024744821,0.18053126622932283,30.000001192092896,0.7130707626475559
3,23,1.25,0.16,60.163604736328125,3.668011426925659,2.7822418118465846,0.20687122220405665,36.87727040712343,38.79386131701497,0.7295815390215867,62.12836456298828,3.676647901535034,2.4560323591793405,0.18042501298345826,30.000000596046448,0.7130211671467318
3,24,1.25,0.16,59.13848114013672,3.664257049560547,2.7048755262427133,0.20339383109099646,36.684397822751635,38.82612085286623,0.7276133638217557,62.14529800415039,3.676743268966675,2.4558134378171514,0.1803400103867666,30.000000298023224,0.7130172477629899
3,25,1.25,0.16,58.0631103515625,3.660459041595459,2.6292027279987997,0.19989251344352546,36.48824847328615,38.85926984767501,0.7256878262733797,62.139427185058594,3.6768012046813965,2.4548881221596766,0.18027200830941328,30.000000149011612,0.7129978710369342
3,26,1.25,0.16,57.08222961425781,3.6571202278137207,2.5548274807800895,0.19636047690272,36.28714780335849,38.891963495093464,0.7237933084946209,62.14590835571289,3.676858425140381,2.454579828632167,0.18021760664753061,30.000000074505806,0.712991721876891
3,27,1.25,0.16,56.12812805175781,3.655048131942749,2.4814490484807257,0.193088381522176,36.080636251781016,38.923084722712915,0.7219192642003358,62.145565032958984,3.6768980026245117,2.4541191217980725,0.18017408531802448,30.000000037252903,0.7129821682649513
3,28,1.25,0.16,54.99536895751953,3.653796434402466,2.4087396620951336,0.1904707052177408,35.869164108330324,38.95186900443325,0.7200550240664746,62.148284912109375,3.6769332885742188,2.4538666358048347,0.1801392682544196,30.00000001862645,0.7129770384801376
3,29,1.25,0.16,53.817134857177734,3.652677297592163,2.3368435355022377,0.18837656417419263,35.653150316809274,38.978048567331314,0.7182054940159645,62.14893341064453,3.676959753036499,2.453605360352637,0.18011141460353566,30.000000009313226,0.7129716512726721
3,30,1.25,0.16,52.45216751098633,3.6508352756500244,2.2659962613214932,0.1867012513393541,35.43300208752834,39.00181308468821,0.716377193871314,62.1502571105957,3.6769816875457764,2.4534276926276695,0.18008913168282853,30.000000004656613,0.7129680202798302
3,31,1.25,0.16,51.02886199951172,3.649420738220215,2.196565643454915,0.1853610010714833,35.20883544406783,39.02347251355661,0.7145787697484232,62.15090560913086,3.6769988536834717,2.453269447469553,0.1800713053462628,30.000000002328306,0.7129647667493336
3,32,1.25,0.16,49.71746063232422,3.648251533508301,2.1310437623032765,0.18428880085718663,34.98046300403273,39.04327381717982,0.7128637824401945,62.15163040161133,3.6770131587982178,2.453151158745978,0.18005704427701025,30.000000001164153,0.7129623437799776
3,33,1.25,0.16,49.08454513549805,3.6436562538146973,2.0873625082021845,0.1834310406857493,34.74786281600344,39.061191251308266,0.7116156116339465,62.15210723876953,3.6770246028900146,2.453052463171147,0.1800456354216082,30.000000000582077,0.7129603174287491
3,34,1.25,0.16,48.495967864990234,3.643719434738159,2.05824167213479,0.18274483254859944,34.51170804452026,39.077014847979356,0.7106754917238153,62.15254592895508,3.6770331859588623,2.452975603499189,0.18003650833728657,30.00000000029104,0.7129587417454746
3,35,1.25,0.16,48.063785552978516,3.645900011062622,2.038827781423193,0.18219586603887955,34.272486304435255,39.09033661941842,0.7099386888522948,62.152862548828125,3.6770401000976562,2.4529129196260873,0.18002920666982924,30.00000000014552,0.7129574553108536
3,36,1.25,0.16,47.74131774902344,3.648674964904785,2.025885187615462,0.18175669283110363,34.03038047605163,39.101023370056645,0.7093356834399842,62.15313720703125,3.677046298980713,2.4528635009828212,0.18002336533586338,30.00000000007276,0.7129564419353093
3,37,1.25,0.16,47.51425552368164,3.651752471923828,2.0172567917436415,0.1814053542648829,33.78595012881312,39.10901116507448,0.708820971087209,62.15334701538086,3.6770503520965576,2.4528235107463603,0.18001869226869072,30.00000000003638,0.7129556213805197
3,38,1.25,0.16,47.349674224853516,3.654973030090332,2.011504527829094,0.18112428341190634,33.53969537973629,39.11434006566887,0.7083645145993969,62.15351867675781,3.6770541667938232,2.4527916880317533,0.18001495381495258,30.00000000001819,0.7129549686066071
3,39,1.25,0.16,47.30477523803711,3.656303882598877,2.0076696852193963,0.18089942672952508,33.292319049799076,39.11729729315329,0.7079468634765886,62.15365219116211,3.6770570278167725,2.452766149565114,0.18001196305196207,30.000000000009095,0.7129544446501629
3,40,1.25,0.16,47.3511848449707,3.6570510864257812,2.0051131234795974,0.18071954138362006,33.04445184381735,39.11839197122074,0.7075553137299923,62.15376663208008,3.6770598888397217,2.4527458178497246,0.18000957044156965,30.000000000004547,0.7129540276298377
3,41,1.25,0.16,47.465145111083984,3.657984495162964,2.003408748986398,0.18057563310689606,32.79662103665089,39.11820794650738,0.7071815686863621,62.153831481933594,3.6770615577697754,2.452729338771561,0.18000765635325572,30.000000000002274,0.7129536893878446
3,42,1.25,0.16,47.58389663696289,3.6587445735931396,2.0022724993242655,0.18046050648551684,32.549071955927786,39.1173665140016,0.7068199702380062,62.15393829345703,3.677062511444092,2.4527169539971214,0.18000612508260458,30.000000000001137,0.7129534360792464
3,43,1.25,0.16,47.6912841796875,3.659201145172119,2.0015149995495105,0.18036840518841346,32.30193560079911,39.11638022620738,0.7064667148031191,62.15395736694336,3.677063226699829,2.4527055694290705,0.18000490006608366,30.00000000000057,0.7129532014655133
3,44,1.25,0.16,47.802547454833984,3.6596603393554688,2.0010099996996735,0.18029472415073078,32.055273978380754,39.11555716397621,0.7061192416186735,62.154022216796875,3.677064895629883,2.452698056010982,0.18000392005286692,30.000000000000284,0.7129530482848373
3,45,1.25,0.16,47.99323272705078,3.660133123397827,2.0006733331331157,0.18023577932058463,31.809167051858402,39.11498493633053,0.7057759036186231,62.15406036376953,3.67706561088562,2.4526910125603814,0.18000313604229354,30.000000000000142,0.7129529033852917
3,46,1.25,0.16,48.18463134765625,3.6604981422424316,2.0004488887554106,0.1801886234564677,31.56373715036695,39.11463056011223,0.7054357028366214,62.15407180786133,3.6770660877227783,2.452685477693249,0.18000250883383484,30.00000000000007,0.7129527896280711
3,47,1.25,0.16,48.36137390136719,3.660689353942871,2.0002992591702737,0.18015089876517415,31.319028087934278,39.114457269339624,0.7050979267303377,62.154109954833984,3.6770668029785156,2.452681660625252,0.18000200706706787,30.000000000000036,0.7129527118447636
3,48,1.25,0.16,48.52996826171875,3.660848379135132,2.000199506113516,0.18012071901213933,31.07499551728637,39.11454857419067,0.7047620030191133,62.154117584228516,3.6770670413970947,2.452677920641444,0.1800016056536543,30.000000000000018,0.7129526347612714
3,49,1.25,0.16,48.69383239746094,3.660782814025879,2.000133004075677,0.18009657520971145,30.83162991214678,39.115087518576594,0.7044275803033977,62.154136657714844,3.677067518234253,2.4526754273189053,0.18000128452292344,30.000000000000007,0.7129525838889942
3,50,1.25,0.16,48.84567642211914,3.660388708114624,2.0000886693837847,0.18007726016776915,30.58892179688506,39.11628440752351,0.7040944221852645,62.15414810180664,3.677067995071411,2.4526731801836323,0.18000102761833875,30.000000000000004,0.7129525377258465
3,51,1.25,0.16,48.99331283569336,3.660006523132324,2.000059112922523,0.18006180813421532,30.346843653535807,39.118319419331655,0.7037623437400342,62.15416717529297,3.677067995071411,2.4526714277802992,0.180000822094671,30.0,0.7129525017760392
3,52,1.25,0.16,49.095741271972656,3.65974760055542,2.0000394086150153,0.18004944650737226,30.173421826767903,39.12131514222905,0.70352445339485,62.15415573120117,3.677067995071411,2.4526697000224784,0.1800006576757368,30.0,0.7129524659629002
3,53,1.25,0.16,49.147666931152344,3.6596150398254395,2.00002627241001,0.18003955720589782,30.086710913383953,39.12530457980175,0.7034054620472426,62.1541862487793,3.6770687103271484,2.452669056810233,0.18000052614058945,30.0,0.7129524533092625
3,54,1.25,0.16,49.17551803588867,3.6595327854156494,2.000017514940007,0.18003164576471825,30.043355456691977,39.130239412005906,0.7033459449421299,62.15416717529297,3.677067995071411,2.45266753445552,0.18000042091247156,30.0,0.7129524213710137
3,55,1.25,0.16,49.18996047973633,3.6594858169555664,2.0000116766266713,0.1800253166117746,30.02167772834599,39.13600956646533,0.7033161769635803,62.1541862487793,3.677067995071411,2.4526673587857766,0.18000033672997726,30.0,0.712952418381035
3,56,1.25,0.16,49.19758987426758,3.6594557762145996,2.000007784417781,0.18002025328941967,30.010838864172996,39.14247478706152,0.7033012899246769,62.1541862487793,3.677067995071411,2.452666478733161,0.1800002693839818,30.0,0.7129523999808653
3,57,1.25,0.16,49.20175552368164,3.6594338417053223,2.000005189611854,0.18001620263153573,30.005419432086498,39.14950952008375,0.7032938467961272,62.1541862487793,3.6770687103271484,2.4526660191879928,0.18000021550718545,30.0,0.7129523905533105
3,58,1.25,0.16,49.204124450683594,3.659414768218994,2.000003459741236,0.18001296210522857,30.00270971604325,39.157025591563496,0.7032901273908491,62.15419387817383,3.6770687103271484,2.4526657128245475,0.18000017240574837,30.0,0.7129523843376254
3,59,1.25,0.16,49.205570220947266,3.6593968868255615,2.0000023064941574,0.18001036968418285,30.001354858021624,39.164967717439914,0.7032882706360843,62.1541862487793,3.6770684719085693,2.452665254269099,0.18000013792459868,30.0,0.7129523747442464
