G_gas,capture_rate,E_specific_GJ,flood_fraction,alpha_rich,swept_variable,L_liq,y_CO2_in,T_L_in_C,alpha_lean,T_ic_C
0.6,98.89783653605666,4.173598145234722,0.3777822108809293,0.37001292953126097,G_gas,,,,,
0.6127118644067796,97.12904175381138,4.169018587949137,0.3857860712809489,0.37053668128662975,G_gas,,,,,
0.6254237288135593,97.10293246333363,4.151445366648007,0.3937899316809687,0.3725984406971251,G_gas,,,,,
0.638135593220339,97.4308225102271,4.131907463664631,0.4017937920809883,0.3749922934518499,G_gas,,,,,
0.6508474576271186,97.69836659259266,4.113589599209719,0.409797652481008,0.3773403943352157,G_gas,,,,,
0.6635593220338983,97.81437867277172,4.0970677598244265,0.41780151288102774,0.37955021026362146,G_gas,,,,,
0.676271186440678,97.75302658645955,4.082412732433959,0.42580537328104745,0.38158790094820444,G_gas,,,,,
0.6889830508474576,97.48449957550987,4.069734881976402,0.43380923368106705,0.38341283101411283,G_gas,,,,,
0.7016949152542373,97.08804260672117,4.05840458725687,0.4418130940810868,0.38509504534484335,G_gas,,,,,
0.714406779661017,97.08420164833211,4.0448382554824605,0.4498169544811065,0.3871760800810627,G_gas,,,,,
0.7271186440677966,97.08046013140962,4.031746272960419,0.4578208148811262,0.38925697170063644,G_gas,,,,,
0.7398305084745762,97.076818249343,4.019102945540091,0.4658246752811458,0.3913379283820058,G_gas,,,,,
0.752542372881356,97.07328183349824,4.006886148169764,0.47382853568116556,0.39341885498028173,G_gas,,,,,
0.7652542372881356,97.06984545536987,3.995074625068232,0.4818323960811852,0.3954997568620375,G_gas,,,,,
0.7779661016949153,97.06650279673914,3.983648509724489,0.489836256481205,0.39758063939396204,G_gas,,,,,
0.7906779661016949,97.06632699572826,3.9725705972469796,0.4978401168812246,0.3996650678699495,G_gas,,,,,
0.8033898305084746,97.06620407555202,3.9618432516245243,0.5058439772812443,0.4017494891916604,G_gas,,,,,
0.8161016949152542,97.06599520644443,3.9514500912283816,0.513847837681264,0.4038339033590894,G_gas,,,,,
0.8288135593220339,97.06570693615663,3.9413757394377096,0.5218516980812837,0.4059183103722311,G_gas,,,,,
0.8415254237288136,97.06535752497642,3.931606841913892,0.5298555584813034,0.40800247342766055,G_gas,,,,,
0.8542372881355933,97.06494068645466,3.9221286854047333,0.5378594188813232,0.41008662217425135,G_gas,,,,,
0.8669491525423729,97.06447417658374,3.912929541860059,0.5458632792813427,0.41217051265377336,G_gas,,,,,
0.8796610169491526,97.06394405850857,3.9039957466416246,0.5538671396813625,0.41425450543745257,G_gas,,,,,
0.8923728813559322,97.06336743379816,3.8953169909964505,0.5618710000813821,0.4163383547782723,G_gas,,,,,
0.9050847457627119,97.06274863640841,3.886882528893078,0.5698748604814019,0.4184220553099637,G_gas,,,,,
0.9177966101694915,97.0620782326059,3.8786812072449237,0.5778787208814214,0.42050585993440837,G_gas,,,,,
0.9305084745762713,97.0613798622721,3.870704954181857,0.5858825812814412,0.4225893812491703,G_gas,,,,,
0.9432203389830509,97.06064345352988,3.8629436945241378,0.5938864416814609,0.4246728739448132,G_gas,,,,,
0.9559322033898305,97.05987195632679,3.855388851407193,0.6018903020814806,0.42675633802125146,G_gas,,,,,
0.9686440677966102,97.05906810300579,3.8480322981955593,0.6098941624815002,0.42883977347839974,G_gas,,,,,
0.9813559322033899,97.05824167987875,3.8408667981010587,0.61789802288152,0.43092304223786804,G_gas,,,,,
0.9940677966101695,97.05738799021188,3.8338845589521973,0.6259018832815396,0.4330062788001255,G_gas,,,,,
1.0067796610169493,97.05650921136653,3.827078639046491,0.6339057436815594,0.43508948316506385,G_gas,,,,,
1.019491525423729,97.05560736304861,3.8204424429010313,0.641909604081579,0.4371726553325749,G_gas,,,,,
1.0322033898305085,97.05469199597631,3.8139701456515196,0.6499134644815987,0.43925565006859235,G_gas,,,,,
1.0449152542372881,97.05375736947714,3.8076553253072496,0.6579173248816184,0.44133860902907995,G_gas,,,,,
1.057627118644068,97.05280492962044,3.8014923036144306,0.6659211852816382,0.443421532213904,G_gas,,,,,
1.0703389830508474,97.05183411174124,3.795475672070044,0.6739250456816577,0.44550441962293086,G_gas,,,,,
1.0830508474576273,97.05082000421608,3.7896002760913996,0.6819289060816776,0.44758727125602726,G_gas,,,,,
1.0957627118644069,97.04940586410665,3.7838637197380276,0.6899327664816972,0.4496691620391267,G_gas,,,,,
1.1084745762711865,97.0402388913313,3.778291947272997,0.6979366268817169,0.45173851798466635,G_gas,,,,,
1.1211864406779661,96.889492685986,3.773457075131244,0.7059404872817365,0.4535732074780052,G_gas,,,,,
1.1338983050847458,96.83975319458276,3.7683001603556328,0.7139443476817562,0.4555713733360122,G_gas,,,,,
1.1466101694915256,96.83975318215117,3.7630477194031906,0.721948208081776,0.4576517698980751,G_gas,,,,,
1.159322033898305,96.83975316969308,3.7579104635593548,0.7299520684817955,0.4597321664601379,G_gas,,,,,
1.1720338983050849,96.8397531572084,3.7528846449355564,0.7379559288818153,0.461812563022201,G_gas,,,,,
1.1847457627118645,96.83975314469706,3.74796667649682,0.745959789281835,0.4638929595842639,G_gas,,,,,
1.1974576271186441,96.83975313215889,3.7431531235238746,0.7539636496818547,0.46597335614632673,G_gas,,,,,
1.210169491525424,96.83975311959337,3.7384406956133853,0.7619675100818745,0.46805375270838967,G_gas,,,,,
1.2228813559322034,96.83975310699616,3.7338262391771266,0.769971370481894,0.4701341492704526,G_gas,,,,,
1.2355932203389832,96.83975309432094,3.7293067304041654,0.7779752308819139,0.47221454583251554,G_gas,,,,,
1.2483050847457628,96.83975308086751,3.7248792686530567,0.7859790912819336,0.4742949423945785,G_gas,,,,,
1.2610169491525425,96.83813091844522,3.7205473002262077,0.7939829516819531,0.4763723209695569,G_gas,,,,,
1.273728813559322,96.8378612684916,3.7162967188859657,0.8019868120819728,0.47845214915225753,G_gas,,,,,
1.2864406779661017,96.74221468731665,3.7124897325685433,0.8099906724819925,0.480350835537778,G_gas,,,,,
1.2991525423728816,95.84297487049979,3.711793059241309,0.8179945328820124,0.4807020427881552,G_gas,,,,,
1.311864406779661,94.80600326311344,3.711703177028131,0.8259983932820317,0.4807474396793132,G_gas,,,,,
1.3245762711864408,93.78122192325503,3.711654184902545,0.8340022536820516,0.48077219241499686,G_gas,,,,,
1.3372881355932205,92.77252153048371,3.71162891097051,0.8420061140820713,0.48078496406640336,G_gas,,,,,
1.35,91.78700664245164,3.7115976638883845,0.850009974482091,0.48080075626378327,G_gas,,,,,
,38.65099633347982,3.5567317552513806,0.6874410016470847,0.48206699218865934,L_liq,2.0,,,,
,42.11995635481861,3.5676936071352254,0.6909606965720447,0.48200681149716607,L_liq,2.169491525423729,,,,
,45.620184259171126,3.5782501449161277,0.6945166186250179,0.48194200553166905,L_liq,2.3389830508474576,,,,
,49.15103486767741,3.5884493675392024,0.698109330011192,0.4818704179804706,L_liq,2.5084745762711864,,,,
,52.71314850122468,3.598326240614231,0.7017394046293203,0.48179408110334515,L_liq,2.6779661016949152,,,,
,56.30330932328216,3.6079312560353007,0.7054074283773347,0.4817003517107988,L_liq,2.847457627118644,,,,
,59.92347298008755,3.6172789386022535,0.7091139994675967,0.4815986294259912,L_liq,3.016949152542373,,,,
,63.57183950158449,3.6264027930447043,0.7128597287521362,0.4814827488194259,L_liq,3.1864406779661016,,,,
,67.24529696137566,3.6353355244297805,0.7166452400582555,0.48134580987849934,L_liq,3.3559322033898304,,,,
,70.94512977595116,3.644088436775696,0.7204711705348824,0.48119301598627195,L_liq,3.5254237288135593,,,,
,74.66820368732876,3.6526886134182996,0.7243381710100776,0.48101849459916424,L_liq,3.694915254237288,,,,
,78.45416124906654,3.660982169927457,0.728246906360117,0.4809200180811947,L_liq,3.864406779661017,,,,
,82.3165537732915,3.6689398197606216,0.7321980558905894,0.4809157066521028,L_liq,4.033898305084746,,,,
,86.21733948258654,3.676738484923697,0.7361923137299672,0.4809080668877027,L_liq,4.203389830508474,,,,
,90.15440313594668,3.6843978353598015,0.7402303892361305,0.4808920076633057,L_liq,4.372881355932203,,,,
,94.12016587644749,3.691956115195205,0.7443130074163429,0.48085245928407505,L_liq,4.5423728813559325,,,,
,96.8379222969244,3.7040755428682086,0.7484409093612036,0.47839527598012843,L_liq,4.711864406779661,,,,
,96.83975310076158,3.7263634405782047,0.7526148526931183,0.4711627897928059,L_liq,4.881355932203389,,,,
,96.83975314156922,3.749048888133116,0.7568356120298628,0.46441236060512786,L_liq,5.0508474576271185,,,,
,96.83975317946765,3.772118229629551,0.7611039794638299,0.45810027097509126,L_liq,5.220338983050848,,,,
,96.91682165860878,3.7952172081991873,0.7654207650575885,0.4523117846530671,L_liq,5.389830508474576,,,,
,97.04229263672343,3.818426789664937,0.7697867973564008,0.44695338042000365,L_liq,5.5593220338983045,,,,
,97.04309155394625,3.842563416917724,0.7742029239183819,0.4417192522508177,L_liq,5.728813559322034,,,,
,97.04342457736863,3.867061473582224,0.7786700118630121,0.43678536351145525,L_liq,5.898305084745763,,,,
,97.04373639036675,3.8919144619434882,0.7831889484387503,0.43212697187922855,L_liq,6.067796610169491,,,,
,97.04402809239461,3.917116920551137,0.7877606416105263,0.42772175370497184,L_liq,6.23728813559322,,,,
,97.04430185525507,3.94266406312602,0.7923860206679297,0.4235496158571002,L_liq,6.406779661016949,,,,
,97.044559387133,3.968551294598301,0.7970660368549523,0.41959253666089313,L_liq,6.576271186440678,,,,
,97.0448087522728,3.994774799632736,0.8018016640221785,0.4158341805142203,L_liq,6.745762711864407,,,,
,97.04504434802983,4.021329774102422,0.8065938993023655,0.41226005751187056,L_liq,6.915254237288135,,,,
,97.04526112913301,4.048211480459748,0.8114437638103946,0.4088570643421663,L_liq,7.084745762711864,,,,
,97.045472772359,4.075417245863354,0.8163523033686283,0.40561297316608663,L_liq,7.254237288135593,,,,
,97.04566789046805,4.102941948790706,0.8213205892587521,0.40251712772849646,L_liq,7.423728813559322,,,,
,97.04585932181881,4.130783279827435,0.8263497190012424,0.3995593784933416,L_liq,7.59322033898305,,,,
,97.04604739462091,4.158937761294794,0.8314408171636445,0.3967306798580049,L_liq,7.762711864406779,,,,
,97.04622135100105,4.187400501551151,0.8365950361989154,0.3940229722111698,L_liq,7.932203389830509,,,,
,97.04638758810925,4.216168896374673,0.841813557315144,0.39142855777121144,L_liq,8.101694915254237,,,,
,97.04655194083728,4.245240544547087,0.8470975913780254,0.38894036972238993,L_liq,8.271186440677965,,,,
,97.04670422804445,4.274610721870386,0.8524483798475394,0.38655220892422393,L_liq,8.440677966101696,,,,
,97.0468503044252,4.304277195942879,0.8578671957503544,0.3842580702046283,L_liq,8.610169491525424,,,,
,97.0469955428588,4.334237925383096,0.8633553446895554,0.3820524121115375,L_liq,8.779661016949152,,,,
,97.04713516114674,4.3644892216284426,0.8689141658933822,0.3799303016734645,L_liq,8.94915254237288,,,,
,97.04726474975269,4.395027374068276,0.8745450333047421,0.3778871726824865,L_liq,9.118644067796609,,,,
,97.0473895839279,4.425850585463054,0.8802493567133629,0.3759186104429135,L_liq,9.288135593220339,,,,
,97.04751912412057,4.456958235354544,0.8860285829325438,0.3740204274600656,L_liq,9.457627118644067,,,,
,97.04763512390623,4.488343842570478,0.8918841970225685,0.37218925729261604,L_liq,9.627118644067796,,,,
,97.04775159445698,4.520007923012218,0.8978177235629526,0.3704213632386366,L_liq,9.796610169491526,,,,
,97.04786418491551,4.551947067002019,0.9038307279758152,0.36871360163545175,L_liq,9.966101694915254,,,,
,97.04796884869457,4.5841578175079825,0.9099248179027881,0.367063039098722,L_liq,10.135593220338983,,,,
,97.0480785776664,4.616641203434897,0.9161016446380051,0.3654666075345983,L_liq,10.305084745762711,,,,
,97.04817664829369,4.649390507681983,0.9223629046198568,0.3639220016187319,L_liq,10.47457627118644,,,,
,97.04827985435,4.682408144975003,0.9287103409843388,0.36242642834454825,L_liq,10.64406779661017,,,,
,97.04837201584303,4.715687280120855,0.9351457451829839,0.36097789438819317,L_liq,10.813559322033898,,,,
,97.04846935336204,4.74923065698178,0.9416709586685305,0.35957391453652354,L_liq,10.983050847457626,,,,
,97.04855619761847,4.783031310399931,0.9482878746516608,0.35821276024150245,L_liq,11.152542372881356,,,,
,97.04864823503088,4.8170923091937645,0.9549984399323267,0.3568922099384859,L_liq,11.322033898305085,,,,
,97.04873027686928,4.85140654728843,0.9618046568093894,0.35561076085265547,L_liq,11.491525423728813,,,,
,97.04881751039596,4.885977415026724,0.9687085850725007,0.3543664183984018,L_liq,11.661016949152541,,,,
,97.04889882668317,4.920799050822246,0.9757123440803945,0.35315780181615714,L_liq,11.83050847457627,,,,
,97.04897806456619,4.955870977098279,0.9828181149299913,0.35198332694525786,L_liq,12.0,,,,
,93.559403997047,4.261550562180125,0.7555644217618586,0.3609165575420916,y_CO2_in,,0.06,,,
,93.80541448896024,4.22340458623079,0.7555644217618586,0.3646502163354292,y_CO2_in,,0.0623728813559322,,,
,94.03338167602651,4.188239630135511,0.7555644217618586,0.36837443563343386,y_CO2_in,,0.0647457627118644,,,
,94.24525984703051,4.15572353458471,0.7555644217618586,0.3720887604280445,y_CO2_in,,0.0671186440677966,,,
,94.44265188825676,4.125565296921779,0.7555644217618586,0.3757935573974269,y_CO2_in,,0.06949152542372881,,,
,94.62700166301529,4.097518899072227,0.7555644217618586,0.37948866221647193,y_CO2_in,,0.07186440677966102,,,
,94.79957041176036,4.071371558918398,0.7555644217618586,0.3831738889028451,y_CO2_in,,0.07423728813559322,,,
,94.96144791334527,4.046937116578162,0.7555644217618586,0.38684921407198397,y_CO2_in,,0.07661016949152542,,,
,95.11361879496243,4.024054715933971,0.7555644217618586,0.39051432701918726,y_CO2_in,,0.07898305084745763,,,
,95.25690304713711,4.002579807171774,0.7555644217618586,0.3941694853166914,y_CO2_in,,0.08135593220338982,,,
,95.39205452115458,3.982386936130607,0.7555644217618586,0.3978146304379192,y_CO2_in,,0.08372881355932203,,,
,95.51975509158108,3.9633658227348936,0.7555644217618586,0.4014495681121293,y_CO2_in,,0.08610169491525424,,,
,95.64060695532665,3.945418105901482,0.7555644217618586,0.4050741843185548,y_CO2_in,,0.08847457627118643,,,
,95.75516284479569,3.9284569327636123,0.7555644217618586,0.40868819164225223,y_CO2_in,,0.09084745762711864,,,
,95.86387576016136,3.9124021111190634,0.7555644217618586,0.4122918728767749,y_CO2_in,,0.09322033898305085,,,
,95.96718536351285,3.8971836666416637,0.7555644217618586,0.41588508243994354,y_CO2_in,,0.09559322033898306,,,
,96.06550369339334,3.8827395062271868,0.7555644217618586,0.4194674582124796,y_CO2_in,,0.09796610169491526,,,
,96.15916219935066,3.869011379278103,0.7555644217618586,0.42303921574317993,y_CO2_in,,0.10033898305084746,,,
,96.24846989602176,3.8559474706563557,0.7555644217618586,0.4266003629932025,y_CO2_in,,0.10271186440677967,,,
,96.33371996775912,3.843502632030153,0.7555644217618586,0.4301503873194216,y_CO2_in,,0.10508474576271187,,,
,96.41501355672195,3.8316347591608086,0.7555644217618586,0.4336890720104438,y_CO2_in,,0.10745762711864407,,,
,96.49158195358703,3.820310048452919,0.7555644217618586,0.43721475037010404,y_CO2_in,,0.10983050847457627,,,
,96.55576638745336,3.8095292502321967,0.7555644217618586,0.44071516019596046,y_CO2_in,,0.11220338983050848,,,
,96.52273400647661,3.7996539758897914,0.7555644217618586,0.4440526754923473,y_CO2_in,,0.11457627118644068,,,
,96.48708554957625,3.790195695119512,0.7555644217618586,0.4473739443330508,y_CO2_in,,0.11694915254237288,,,
,96.55357732375877,3.7806641653803257,0.7555644217618586,0.45085167763925643,y_CO2_in,,0.11932203389830509,,,
,96.62408283599983,3.771492421654678,0.7555644217618586,0.4543293629184598,y_CO2_in,,0.12169491525423728,,,
,96.68864292410683,3.7627030701494326,0.7555644217618586,0.45778991120673374,y_CO2_in,,0.12406779661016949,,,
,96.75079275534789,3.754260530054402,0.7555644217618586,0.461238504903291,y_CO2_in,,0.1264406779661017,,,
,96.81064667927352,3.7461444427753334,0.7555644217618586,0.4646753045343893,y_CO2_in,,0.12881355932203392,,,
,96.86833144822204,3.738335937378014,0.7555644217618586,0.4681005023330821,y_CO2_in,,0.13118644067796612,,,
,96.92397395462925,3.730819365047477,0.7555644217618586,0.47151345902543396,y_CO2_in,,0.1335593220338983,,,
,96.97767016988495,3.7235783347295373,0.7555644217618586,0.4749143929111167,y_CO2_in,,0.13593220338983053,,,
,97.02952311782009,3.716598310853897,0.7555644217618586,0.47830319816435674,y_CO2_in,,0.13830508474576272,,,
,97.07962209952662,3.709865744059208,0.7555644217618586,0.4816797800489639,y_CO2_in,,0.14067796610169492,,,
,97.12703756187734,3.703372479332085,0.7555644217618586,0.4850416929448862,y_CO2_in,,0.14305084745762714,,,
,96.80570596955917,3.6984120471343704,0.7555644217618586,0.48768280984845724,y_CO2_in,,0.14542372881355933,,,
,95.6746746210974,3.6965133618702057,0.7555644217618586,0.48871098954092396,y_CO2_in,,0.14779661016949153,,,
,94.56070779655714,3.6947024681296314,0.7555644217618586,0.4897007186704417,y_CO2_in,,0.15016949152542375,,,
,93.47050824915311,3.6929495963818466,0.7555644217618586,0.49066730558815574,y_CO2_in,,0.15254237288135594,,,
,92.40512669490958,3.691245191624743,0.7555644217618586,0.4916153569874252,y_CO2_in,,0.15491525423728814,,,
,91.36478789896381,3.68958363887495,0.7555644217618586,0.49254744710615705,y_CO2_in,,0.15728813559322036,,,
,90.34884014316003,3.687962318317382,0.7555644217618586,0.49346455717006765,y_CO2_in,,0.15966101694915255,,,
,89.35613938941049,3.686380057396587,0.7555644217618586,0.49436689013413837,y_CO2_in,,0.16203389830508474,,,
,88.38674820570684,3.684833119088898,0.7555644217618586,0.49525615211616447,y_CO2_in,,0.16440677966101697,,,
,87.43929871951754,3.6833213371572318,0.7555644217618586,0.4961320414077919,y_CO2_in,,0.16677966101694916,,,
,86.51332452207352,3.681843015008486,0.7555644217618586,0.49699515723581933,y_CO2_in,,0.16915254237288135,,,
,85.60911018944142,3.6803925074319395,0.7555644217618586,0.49784846165773644,y_CO2_in,,0.17152542372881358,,,
,84.75974158505572,3.678839482392358,0.7555644217618586,0.49876921529488594,y_CO2_in,,0.17389830508474577,,,
,83.92590103878221,3.67732930107672,0.7555644217618586,0.49967173257045727,y_CO2_in,,0.17627118644067796,,,
,83.10732076386095,3.675859795454921,0.7555644217618586,0.5005568034309209,y_CO2_in,,0.17864406779661018,,,
,82.30426101138872,3.674427649388624,0.7555644217618586,0.5014259612365612,y_CO2_in,,0.1810169491525424,,,
,81.5172903691491,3.673026906657217,0.7555644217618586,0.502282423246554,y_CO2_in,,0.18338983050847457,,,
,80.74512545731943,3.671659929946145,0.7555644217618586,0.5031243735303795,y_CO2_in,,0.1857627118644068,,,
,79.98636750321056,3.6703297384724114,0.7555644217618586,0.5039495471828813,y_CO2_in,,0.188135593220339,,,
,79.24131039318519,3.669031498287693,0.7555644217618586,0.504760552462554,y_CO2_in,,0.1905084745762712,,,
,78.51015460494483,3.6677630516257,0.7555644217618586,0.5055583950625785,y_CO2_in,,0.1928813559322034,,,
,77.79309329664828,3.66652052049022,0.7555644217618586,0.5063452125036199,y_CO2_in,,0.1952542372881356,,,
,77.09023885303435,3.6653012711594557,0.7555644217618586,0.5071224133119205,y_CO2_in,,0.19762711864406782,,,
,76.40045539122598,3.664107155144769,0.7555644217618586,0.5078885636457559,y_CO2_in,,0.2,,,
,98.53049154069427,3.735492036613172,0.7407642394595804,0.4693781137962142,T_L_in_C,,,30.0,,
,98.48041904611247,3.735687060738652,0.7413930577271005,0.46928997389197424,T_L_in_C,,,30.423728813559322,,
,98.42879457229292,3.7358889924941505,0.742021721096209,0.46919879420892774,T_L_in_C,,,30.847457627118644,,
,98.375562571895,3.736097107001738,0.7426502302963082,0.46910491004717964,T_L_in_C,,,31.271186440677965,,
,98.32068566614902,3.736312171154129,0.7432785860546315,0.4690079837106318,T_L_in_C,,,31.694915254237287,,
,98.26411013181581,3.7365338338608236,0.7439067890962536,0.46890818220758784,T_L_in_C,,,32.11864406779661,,
,98.20579115129236,3.736762491954644,0.7445348401441028,0.468805335932784,T_L_in_C,,,32.54237288135593,,
,98.14568874193202,3.7369989197234847,0.7451627399189701,0.46869910677527005,T_L_in_C,,,32.96610169491525,,
,98.08373904933126,3.7372423944757593,0.745790489139523,0.46858982992889797,T_L_in_C,,,33.389830508474574,,
,98.01990561306722,3.7374940699863037,0.7464180885223134,0.46847699866628917,T_L_in_C,,,33.813559322033896,,
,97.95412729528664,3.737753601351643,0.7470455387817916,0.46836077966369105,T_L_in_C,,,34.23728813559322,,
,97.88634690276517,3.73802101958296,0.7476728406303144,0.46824117118257946,T_L_in_C,,,34.66101694915254,,
,97.81652552201611,3.738297489029667,0.7482999947781579,0.4681176659087767,T_L_in_C,,,35.08474576271186,,
,97.74459020031387,3.738582291718046,0.7489270019335271,0.467990598797096,T_L_in_C,,,35.50847457627118,,
,97.67049290612884,3.7388762207156536,0.7495538628025662,0.46785963070565806,T_L_in_C,,,35.932203389830505,,
,97.59417045072765,3.7391793166247753,0.7501805780893703,0.4677247593799255,T_L_in_C,,,36.35593220338983,,
,97.51470942438665,3.739495798997269,0.7508071484959955,0.46758412745004674,T_L_in_C,,,36.77966101694915,,
,97.43364907045921,3.739818884582415,0.7514335747224692,0.4674407675241654,T_L_in_C,,,37.20338983050847,,
,97.34714330465056,3.740164610350032,0.7520598574667996,0.46728759190169433,T_L_in_C,,,37.62711864406779,,
,97.26318136994962,3.7405002623302175,0.7526859974249878,0.46713910673470327,T_L_in_C,,,38.050847457627114,,
,97.17699385565562,3.740845672074285,0.753311995291037,0.46698653811434,T_L_in_C,,,38.474576271186436,,
,97.08855907549207,3.7412005068733234,0.7539378517569623,0.4668300521241786,T_L_in_C,,,38.898305084745765,,
,96.99506582818623,3.7415767160305555,0.7545635675128023,0.4666644111226298,T_L_in_C,,,39.32203389830509,,
,96.89883073733667,3.7419640362150695,0.7551891432466267,0.4664941690589278,T_L_in_C,,,39.74576271186441,,
,96.79979559786628,3.742364073085857,0.7558145796445493,0.4663186466615418,T_L_in_C,,,40.16949152542373,,
,96.69787557409468,3.7427765161909217,0.7564398773907359,0.46613800884989587,T_L_in_C,,,40.59322033898305,,
,96.5929963321025,3.7432018285205015,0.7570650371674145,0.4659520825098848,T_L_in_C,,,41.016949152542374,,
,96.48508207567204,3.743640479072384,0.7576900596548853,0.4657606942200395,T_L_in_C,,,41.440677966101696,,
,96.37405390671377,3.7440925543319614,0.7583149455315311,0.4655638393816337,T_L_in_C,,,41.86440677966102,,
,96.25983112097212,3.7445589232330194,0.7589396954738257,0.4653611748740798,T_L_in_C,,,42.28813559322034,,
,96.1423311727016,3.7450396839092006,0.7595643101563451,0.46515269552044824,T_L_in_C,,,42.71186440677966,,
,96.02146963878322,3.745535721260368,0.7601887902517751,0.4649380573935098,T_L_in_C,,,43.13559322033898,,
,95.89716018227301,3.7460467536377107,0.7608131364309231,0.4647174240391303,T_L_in_C,,,43.559322033898304,,
,95.76931451538036,3.746574074091937,0.7614373493627258,0.4644902814145586,T_L_in_C,,,43.983050847457626,,
,95.63783781795388,3.747117413059253,0.76206142971426,0.4642567924963018,T_L_in_C,,,44.40677966101695,,
,95.50265054192134,3.74767808474278,0.7626853781507504,0.4640164421929579,T_L_in_C,,,44.83050847457627,,
,95.36104173305463,3.7482669524427648,0.7633091953355801,0.4637646442910123,T_L_in_C,,,45.25423728813559,,
,95.21951244953054,3.748857173307013,0.7639328819302995,0.463512922758334,T_L_in_C,,,45.67796610169491,,
,94.94871359431176,3.7499917618636864,0.7645564385946357,0.46303086793050907,T_L_in_C,,,46.101694915254235,,
,94.52183167268001,3.7517933529352145,0.7651798659865015,0.46227033753669594,T_L_in_C,,,46.52542372881356,,
,94.04825023985474,3.753810799961988,0.7658031647620038,0.4614257666132341,T_L_in_C,,,46.94915254237288,,
,93.56597536526782,3.755886511047769,0.7664263355754539,0.4605645138408677,T_L_in_C,,,47.37288135593221,,
,93.06238687754444,3.7580762833794,0.7670493790793758,0.4596642954537087,T_L_in_C,,,47.79661016949153,,
,92.5425058848362,3.7603625012659125,0.7676722959245149,0.4587334589601119,T_L_in_C,,,48.22033898305085,,
,92.01120341716938,3.762726000894924,0.7682950867598475,0.4577807138566352,T_L_in_C,,,48.64406779661017,,
,91.47149281830522,3.7651544260321366,0.7689177522325887,0.456811764164576,T_L_in_C,,,49.067796610169495,,
,90.92587294533102,3.767638811786006,0.7695402929882031,0.4558307795354868,T_L_in_C,,,49.49152542372882,,
,90.37602343939295,3.7701731573289505,0.7701627096704109,0.4548406267556565,T_L_in_C,,,49.91525423728814,,
,89.82590917272493,3.7727394277962416,0.7707850029211978,0.4538486951863872,T_L_in_C,,,50.33898305084746,,
,89.27338957488038,3.7753487367233696,0.7714071733808247,0.4528509844246644,T_L_in_C,,,50.76271186440678,,
,88.7174995135395,3.7780073193211465,0.7720292216878346,0.451845509271804,T_L_in_C,,,51.186440677966104,,
,88.15843496137235,3.7807144774314527,0.7726511484790614,0.45083296248272514,T_L_in_C,,,51.610169491525426,,
,87.59420251338203,3.7834816791629353,0.7732729543896404,0.4498095458664332,T_L_in_C,,,52.03389830508475,,
,87.03199061651848,3.786274674366416,0.773894640053013,0.44878826955886786,T_L_in_C,,,52.45762711864407,,
,86.46715803627329,3.7891166379649652,0.7745162061009383,0.44776092732799155,T_L_in_C,,,52.88135593220339,,
,85.91023494208343,3.791956466549806,0.7751376531635004,0.4467460827572165,T_L_in_C,,,53.30508474576271,,
,85.36416261705463,3.794776243687459,0.7757589818691155,0.4457498043121241,T_L_in_C,,,53.728813559322035,,
,84.81720769961363,3.797637581426632,0.7763801928445431,0.444750257589421,T_L_in_C,,,54.152542372881356,,
,84.26920891203726,3.8005409617198973,0.7770012867148898,0.44374757883556026,T_L_in_C,,,54.57627118644068,,
,83.72037366721132,3.803486943267491,0.7776222641036217,0.4427418805062074,T_L_in_C,,,55.0,,
,99.33488786009939,3.8889328826242644,0.756636133737903,0.3807955215017428,alpha_lean,,,,0.18,
,99.29651496790233,3.8837340679258814,0.7565956869831715,0.3841178757304789,alpha_lean,,,,0.18338983050847457,
,99.25592525001505,3.8785045815587362,0.7565552465788022,0.3874361941780279,alpha_lean,,,,0.18677966101694915,
,99.21298723983233,3.8732440431942723,0.75651481252316,0.3907504755654221,alpha_lean,,,,0.19016949152542373,
,99.1675658164436,3.8679528037184023,0.7564743848146096,0.39406038270906185,alpha_lean,,,,0.1935593220338983,
,99.11951796983273,3.862631213583005,0.7564339634515167,0.39736557818580964,alpha_lean,,,,0.19694915254237289,
,99.06869229655179,3.8572796231773103,0.7563935484322477,0.4006657243103353,alpha_lean,,,,0.20033898305084746,
,99.01492281224387,3.85189764650433,0.7563531397551693,0.4039608190767113,alpha_lean,,,,0.20372881355932204,
,98.95803863345837,3.8464856325306847,0.7563127374186488,0.4072505243500998,alpha_lean,,,,0.20711864406779662,
,98.89786175206177,3.8410443004089507,0.7562723414210544,0.4105343336387931,alpha_lean,,,,0.2105084745762712,
,98.83419719746873,3.835573633202193,0.7562319517607544,0.4138120761130787,alpha_lean,,,,0.21389830508474578,
,98.76684817075123,3.8300747247235107,0.7561915684361185,0.4170830763971013,alpha_lean,,,,0.21728813559322033,
,98.69559186060985,3.8245471925720573,0.7561511914455157,0.42034733094442533,alpha_lean,,,,0.2206779661016949,
,98.62020626774563,3.81899213857319,0.7561108207873165,0.4236041633839375,alpha_lean,,,,0.22406779661016948,
,98.54044827844469,3.8134099292777757,0.7560704564598921,0.42685323296651323,alpha_lean,,,,0.22745762711864406,
,98.45605477069333,3.807800563541731,0.7560300984616138,0.43009436663048134,alpha_lean,,,,0.23084745762711864,
,98.36676394915402,3.8021655360705235,0.7559897467908537,0.433326717823748,alpha_lean,,,,0.23423728813559322,
,98.27229428849516,3.796505982402792,0.7559494014459842,0.43654960719765973,alpha_lean,,,,0.2376271186440678,
,98.17232581996714,3.7908215530916127,0.7559090624253787,0.43976302776822407,alpha_lean,,,,0.24101694915254238,
,98.0665434006473,3.7851137790993663,0.7558687297274109,0.4429661301609234,alpha_lean,,,,0.24440677966101695,
,97.95459679944344,3.7793838350108304,0.7558284033504552,0.44615823207157224,alpha_lean,,,,0.24779661016949153,
,97.83579634140976,3.7736336689588468,0.7557880832928865,0.44933831289297754,alpha_lean,,,,0.2511864406779661,
,97.68788973277552,3.76795227962438,0.7557477695530802,0.45246658137225637,alpha_lean,,,,0.25457627118644066,
,97.40507983546405,3.7627611459496975,0.7557074621294128,0.45535626436057164,alpha_lean,,,,0.25796610169491524,
,97.25693534351835,3.7569868300812597,0.7556671610202607,0.45848406999428626,alpha_lean,,,,0.2613559322033898,
,97.10033661528385,3.75119877839407,0.7556268662240007,0.46159658042658896,alpha_lean,,,,0.2647457627118644,
,96.93479605079834,3.7453979767167698,0.7555865777390112,0.46469327026639184,alpha_lean,,,,0.268135593220339,
,96.75979963728962,3.739586216171548,0.7555462955636704,0.4677732742083123,alpha_lean,,,,0.27152542372881355,
,96.5748193368831,3.733766498096206,0.7555060196963576,0.4708352170389648,alpha_lean,,,,0.27491525423728813,
,96.37928153057841,3.72794072984241,0.7554657501354518,0.47387822697243187,alpha_lean,,,,0.2783050847457627,
,96.16870417325426,3.722127279292343,0.7554254868793338,0.4768943211276712,alpha_lean,,,,0.2816949152542373,
,95.9418024193605,3.716330763043559,0.7553852299263835,0.4798815925172052,alpha_lean,,,,0.28508474576271187,
,94.47552458250892,3.7156767745752433,0.7553449792749826,0.4806624119410355,alpha_lean,,,,0.28847457627118644,
,92.61072438299226,3.7169134499255096,0.755304734923513,0.4807198921309769,alpha_lean,,,,0.291864406779661,
,90.73718433113031,3.7184672799113794,0.7552644968703569,0.48074529840858127,alpha_lean,,,,0.2952542372881356,
,88.86666824083312,3.7203074190853527,0.7552242651138977,0.4807595173796057,alpha_lean,,,,0.2986440677966102,
,87.00788783288695,3.7224105386275985,0.7551840396525186,0.48077845828089005,alpha_lean,,,,0.30203389830508476,
,85.15358766752571,3.7248314575478783,0.7551438204846038,0.4807889242066845,alpha_lean,,,,0.30542372881355934,
,83.30634283949016,3.727579276996601,0.7551036076085381,0.4807955580085245,alpha_lean,,,,0.3088135593220339,
,81.46697419173378,3.7306709818261248,0.7550634010227067,0.4808003754624084,alpha_lean,,,,0.3122033898305085,
,79.6360751977471,3.734129050201493,0.7550232007254956,0.4808039879135124,alpha_lean,,,,0.31559322033898307,
,77.81471353359211,3.737971828541955,0.7549830067152914,0.48080876938152384,alpha_lean,,,,0.3189830508474576,
,76.00297491133193,3.7422250969536064,0.7549428189904808,0.48081523966494966,alpha_lean,,,,0.32237288135593223,
,74.19910034438904,3.7469319027888734,0.7549026375494513,0.4808197747546653,alpha_lean,,,,0.32576271186440675,
,72.40324966899443,3.7521239038115075,0.7548624623905913,0.48082305617972776,alpha_lean,,,,0.3291525423728814,
,70.61552574485607,3.7578363552820044,0.7548222935122897,0.4808255514850959,alpha_lean,,,,0.3325423728813559,
,68.83633135264382,3.7641080732651577,0.7547821309129353,0.4808276421468879,alpha_lean,,,,0.33593220338983054,
,67.06529170548511,3.770983634489234,0.7547419745909184,0.48082922559220453,alpha_lean,,,,0.33932203389830506,
,65.30255565720566,3.778510953673955,0.7547018245446291,0.48083044852493195,alpha_lean,,,,0.3427118644067797,
,63.54813659195999,3.78674296512503,0.7546616807724588,0.4808314174206164,alpha_lean,,,,0.3461016949152542,
,61.80203811897669,3.7957382178538963,0.7546215432727987,0.48083221256380615,alpha_lean,,,,0.34949152542372885,
,60.06450321532202,3.8055576646254146,0.7545814120440412,0.4808336268321083,alpha_lean,,,,0.3528813559322034,
,58.33554992141158,3.8162728046097807,0.7545412870845791,0.4808356912476828,alpha_lean,,,,0.356271186440678,
,56.614541417549006,3.827971264406472,0.7545011683928053,0.48083708161520033,alpha_lean,,,,0.35966101694915253,
,54.90098736644994,3.840745868999344,0.7544610559671141,0.4808373975897295,alpha_lean,,,,0.36305084745762717,
,53.19528205771648,3.8546941481526527,0.7544209498058997,0.480837238390841,alpha_lean,,,,0.3664406779661017,
,51.49741227880731,3.869928301708551,0.7543808499075572,0.48083676634176503,alpha_lean,,,,0.36983050847457627,
,49.807515463176536,3.886574856756756,0.7543407562704821,0.4808361138201101,alpha_lean,,,,0.37322033898305085,
,48.1253994393813,3.9047769512593935,0.7543006688930706,0.48083539135561504,alpha_lean,,,,0.3766101694915254,
,46.45114513315083,3.9246971089451064,0.7542605877737192,0.4808346910561095,alpha_lean,,,,0.38,
,96.83975312964802,3.7422026507758264,0.7555644217618586,0.46638943545873934,T_ic_C,,,,,25.0
,96.83975312964802,3.7422026507758264,0.7555644217618586,0.46638943545873934,T_ic_C,,,,,25.423728813559322
,96.83975312964802,3.7422026507758264,0.7555644217618586,0.46638943545873934,T_ic_C,,,,,25.847457627118644
,96.83975312964802,3.7422026507758264,0.7555644217618586,0.46638943545873934,T_ic_C,,,,,26.271186440677965
,96.83975312964802,3.7422026507758264,0.7555644217618586,0.46638943545873934,T_ic_C,,,,,26.694915254237287
,96.83975312964802,3.7422026507758264,0.7555644217618586,0.46638943545873934,T_ic_C,,,,,27.11864406779661
,96.83975312964802,3.7422026507758264,0.7555644217618586,0.46638943545873934,T_ic_C,,,,,27.54237288135593
,96.83975312964802,3.7422026507758264,0.7555644217618586,0.46638943545873934,T_ic_C,,,,,27.966101694915253
,96.83975312964802,3.7422026507758264,0.7555644217618586,0.46638943545873934,T_ic_C,,,,,28.389830508474574
,96.83975312964802,3.7422026507758264,0.7555644217618586,0.46638943545873934,T_ic_C,,,,,28.813559322033896
,96.83975312964802,3.7422026507758264,0.7555644217618586,0.46638943545873934,T_ic_C,,,,,29.237288135593218
,96.83975312964802,3.7422026507758264,0.7555644217618586,0.46638943545873934,T_ic_C,,,,,29.661016949152543
,96.83975312964802,3.7422026507758264,0.7555644217618586,0.46638943545873934,T_ic_C,,,,,30.084745762711865
,96.83975312964802,3.7422026507758264,0.7555644217618586,0.46638943545873934,T_ic_C,,,,,30.508474576271187
,96.83975312964802,3.7422026507758264,0.7555644217618586,0.46638943545873934,T_ic_C,,,,,30.93220338983051
,96.83975312964802,3.7422026507758264,0.7555644217618586,0.46638943545873934,T_ic_C,,,,,31.35593220338983
,96.83975312964802,3.7422026507758264,0.7555644217618586,0.46638943545873934,T_ic_C,,,,,31.779661016949152
,96.83975312964802,3.7422026507758264,0.7555644217618586,0.46638943545873934,T_ic_C,,,,,32.20338983050847
,96.83975312964802,3.7422026507758264,0.7555644217618586,0.46638943545873934,T_ic_C,,,,,32.62711864406779
,96.83975312964802,3.7422026507758264,0.7555644217618586,0.46638943545873934,T_ic_C,,,,,33.050847457627114
,96.83975312964802,3.7422026507758264,0.7555644217618586,0.46638943545873934,T_ic_C,,,,,33.474576271186436
,96.83975312964802,3.7422026507758264,0.7555644217618586,0.46638943545873934,T_ic_C,,,,,33.898305084745765
,96.83975312964802,3.7422026507758264,0.7555644217618586,0.46638943545873934,T_ic_C,,,,,34.32203389830509
,96.83975312964802,3.7422026507758264,0.7555644217618586,0.46638943545873934,T_ic_C,,,,,34.74576271186441
,96.83975312964802,3.7422026507758264,0.7555644217618586,0.46638943545873934,T_ic_C,,,,,35.16949152542373
,96.83975312964802,3.7422026507758264,0.7555644217618586,0.46638943545873934,T_ic_C,,,,,35.59322033898305
,96.83975312964802,3.7422026507758264,0.7555644217618586,0.46638943545873934,T_ic_C,,,,,36.016949152542374
,96.83975312964802,3.7422026507758264,0.7555644217618586,0.46638943545873934,T_ic_C,,,,,36.440677966101696
,96.83975312964802,3.7422026507758264,0.7555644217618586,0.46638943545873934,T_ic_C,,,,,36.86440677966102
,96.839753129648,3.7422026507758264,0.7555644217618586,0.46638943545873934,T_ic_C,,,,,37.28813559322034
,96.83975312964802,3.7422026507758264,0.7555644217618586,0.46638943545873934,T_ic_C,,,,,37.71186440677966
,96.839753129648,3.7422026507758264,0.7555644217618586,0.46638943545873934,T_ic_C,,,,,38.13559322033898
,96.839753129648,3.7422026507758264,0.7555644217618586,0.46638943545873934,T_ic_C,,,,,38.559322033898304
,96.839753129648,3.7422026507758264,0.7555644217618586,0.46638943545873934,T_ic_C,,,,,38.983050847457626
,96.83885827666997,3.742206501785325,0.7555644217618586,0.4663877460746517,T_ic_C,,,,,39.40677966101695
,96.8361266930175,3.742217285015414,0.7555644217618586,0.4663830157768316,T_ic_C,,,,,39.83050847457627
,96.83378217933158,3.7422265282573592,0.7555644217618586,0.46637896120959854,T_ic_C,,,,,40.25423728813559
,96.83205687895958,3.742233846133764,0.7555644217618586,0.4663757513266914,T_ic_C,,,,,40.67796610169491
,96.83091447180719,3.742238468091538,0.7555644217618586,0.4663737240244008,T_ic_C,,,,,41.101694915254235
,96.83040696218161,3.742240393939518,0.7555644217618586,0.46637287931332555,T_ic_C,,,,,41.52542372881356
,96.83025107887245,3.7422411642840205,0.7555644217618586,0.466372541428601,T_ic_C,,,,,41.94915254237288
,96.83015660743737,3.7422411642840205,0.7555644217618586,0.466372541428601,T_ic_C,,,,,42.37288135593221
,96.8301346843487,3.742241549457409,0.7555644217618586,0.4663723724861757,T_ic_C,,,,,42.79661016949153
,96.83013213317138,3.742241549457409,0.7555644217618586,0.4663723724861757,T_ic_C,,,,,43.22033898305085
,96.83013210867209,3.742241549457409,0.7555644217618586,0.4663723724861757,T_ic_C,,,,,43.64406779661017
,96.83013209360986,3.742241549457409,0.7555644217618586,0.4663723724861757,T_ic_C,,,,,44.067796610169495
,96.83013196031962,3.742241549457409,0.7555644217618586,0.4663723724861757,T_ic_C,,,,,44.49152542372882
,96.83004764899805,3.742241934631557,0.7555644217618586,0.4663722035437083,T_ic_C,,,,,44.91525423728814
,96.82959880710689,3.7422434753357345,0.7555644217618586,0.46637152777341806,T_ic_C,,,,,45.33898305084746
,96.82959880710689,3.7422434753357345,0.7555644217618586,0.46637152777341806,T_ic_C,,,,,45.76271186440678
,96.82959880710689,3.7422434753357345,0.7555644217618586,0.46637152777341806,T_ic_C,,,,,46.186440677966104
,96.82959880710689,3.7422434753357345,0.7555644217618586,0.46637152777341806,T_ic_C,,,,,46.610169491525426
,96.82959880710689,3.7422434753357345,0.7555644217618586,0.46637152777341806,T_ic_C,,,,,47.03389830508475
,96.82959880710689,3.7422434753357345,0.7555644217618586,0.46637152777341806,T_ic_C,,,,,47.45762711864407
,96.82959880710689,3.7422434753357345,0.7555644217618586,0.46637152777341806,T_ic_C,,,,,47.88135593220339
,96.82959880710689,3.7422434753357345,0.7555644217618586,0.46637152777341806,T_ic_C,,,,,48.30508474576271
,96.82959880710689,3.7422434753357345,0.7555644217618586,0.46637152777341806,T_ic_C,,,,,48.728813559322035
,96.82959880710689,3.7422434753357345,0.7555644217618586,0.46637152777341806,T_ic_C,,,,,49.152542372881356
,96.82959880710689,3.7422434753357345,0.7555644217618586,0.46637152777341806,T_ic_C,,,,,49.57627118644068
,96.82959880710689,3.7422434753357345,0.7555644217618586,0.46637152777341806,T_ic_C,,,,,50.0
